principal component 1,principal component 2,target
0.22107198183806376,-18.864041949986017,0
-0.47897542771213464,-18.958094394143878,0
